{
  "Mining": 1.0,
  "Negotiation": 4.902439024390244,
  "Project Management": 7.352941176470588,
  "Business Management": 6.6947368421052635,
  "Earth Science": 8.428571428571429,
  "Manufacturing Operations": 5.511111111111111,
  "Drilling Engineering": 5.107142857142857,
  "Digital Literacy": 6.958620689655173,
  "Maintenance & Repair": 7.777777777777778,
  "Procurement": 10.0,
  "Oil & Gas": 2.5,
  "Utilities": 4.0625,
  "Teamwork": 6.036585365853658,
  "Construction Engineering": 8.181818181818182,
  "Leadership": 6.417840375586854,
  "Pharmaceutics": 3.875,
  "Pharmaceutical Manufacturing": 1.5,
  "Oncology": 3.4,
  "Cardiology": 4.0,
  "Biomedical Engineering": 8.285714285714286,
  "Neurology": 6.0,
  "Product Testing": 5.6,
  "Product Development": 4.865384615384615,
  "Family Medicine": 9.0,
  "Product Marketing": 7.02,
  "Food Manufacturing": 1.0,
  "Food Service Operations": 4.6,
  "Retail": 7.333333333333333,
  "Air Force": 1.4,
  "Airlines": 3.0,
  "Aerospace Engineering": 1.8,
  "Aircraft Management": 3.8,
  "Composites": 7.0,
  "Scientific Computing": 6.869565217391305,
  "Automotive": 4.444444444444445,
  "Customer Experience": 5.916666666666667,
  "Chemical Processing": 2.4,
  "Research": 6.424242424242424,
  "Materials Science": 7.0,
  "Architecture": 4.555555555555555,
  "Machining": 5.533333333333333,
  "Apparel": 1.0,
  "Recruiting": 9.666666666666666,
  "Inside Sales": 6.3076923076923075,
  "Forestry": 7.0,
  "Printing": 1.0,
  "Retail Packaging": 3.526315789473684,
  "Graphic Design": 4.45,
  "Advertising": 6.783333333333333,
  "Electronics": 3.3333333333333335,
  "Robotics": 3.8,
  "Software Testing": 5.166666666666667,
  "Plastics": 4.1,
  "Power Systems": 2.5,
  "Environmental Science": 4.894736842105263,
  "Environmental Consulting": 2.2857142857142856,
  "Entrepreneurship": 6.0,
  "Instrumentation": 4.333333333333333,
  "Electronic Control Systems": 2.4,
  "Computer Hardware": 2.0,
  "Technical Support": 5.0,
  "System Administration": 3.05,
  "Computer Networking": 3.8,
  "Development Tools": 4.975,
  "Web Development": 4.333333333333333,
  "Data Storage Technologies": 5.923076923076923,
  "Data Science": 6.257142857142857,
  "Software Development Life Cycle (SDLC)": 6.6,
  "Mobile Application Development": 5.7,
  "Management Consulting": 6.655172413793103,
  "Telecommunications": 4.142857142857143,
  "Cybersecurity": 2.7,
  "Sales Operations": 8.4,
  "Social Media": 4.76978417266187,
  "Digital Marketing": 6.533333333333333,
  "Video": 4.2,
  "Television": 3.68,
  "Photography": 5.0,
  "Editing": 4.274193548387097,
  "Animation": 4.375,
  "Theatre": 5.266666666666667,
  "Journalism": 3.8333333333333335,
  "Radio Production": 4.7,
  "Corporate Communications": 4.933333333333334,
  "Communication": 7.18348623853211,
  "Writing": 5.416666666666667,
  "Literature": 6.285714285714286,
  "Teaching": 5.545454545454546,
  "Game Development": 1.8,
  "Human Computer Interaction": 7.909090909090909,
  "Information Management": 9.0,
  "Commercial Banking": 2.3,
  "Financial Accounting": 3.125,
  "Capital Markets": 2.6666666666666665,
  "Investment Banking": 3.260869565217391,
  "Insurance": 1.0,
  "Auditing": 4.6,
  "Growth Strategies": 6.125,
  "Investor Relations": 10.0,
  "Law": 1.8181818181818181,
  "Contract Law": 2.0,
  "Labor and Employment Law": 3.3,
  "Intellectual Property": 4.8,
  "Family Law": 5.3,
  "International Law": 7.0,
  "Criminal Law": 7.666666666666667,
  "Tax Law": 9.333333333333334,
  "Employee Learning & Development": 5.230769230769231,
  "Genetic Engineering": 4.4,
  "Evolutionary Biology": 6.375,
  "Physiology": 5.666666666666667,
  "Organic Chemistry": 6.25,
  "Veterinary Medicine": 1.0,
  "Zoology": 2.8,
  "Agricultural Production": 2.2,
  "General Surgery": 4.6,
  "Anesthesiology": 6.0,
  "Tax Accounting": 2.8,
  "Bookkeeping": 4.4,
  "Management Accounting": 7.0,
  "Accounts Payable": 6.6,
  "Payroll Services": 9.0,
  "Urban Planning": 4.333333333333333,
  "Interior Design": 2.5,
  "Industrial Design": 6.333333333333333,
  "Public Policy": 9.0,
  "Administrative Assistance": 4.2,
  "Event Planning": 4.1,
  "Water Engineering": 3.0,
  "Environmental Engineering": 4.8,
  "Competitive Strategies": 5.333333333333333,
  "Personal Coaching": 3.2,
  "Human Resources (HR)": 9.0,
  "Translation": 3.142857142857143,
  "Linguistics": 2.6,
  "Foreign Languages": 7.866666666666666,
  "Higher Education": 8.0,
  "Commercial Photography": 1.8,
  "Music": 4.2,
  "Recreation": 1.0,
  "Professional Sports": 3.625,
  "Sports Coaching": 3.5714285714285716,
  "Art History": 1.8666666666666667,
  "History": 2.2,
  "Visual Arts": 2.7857142857142856,
  "Anthropology": 10.0,
  "Conceptual Art": 7.0,
  "Dance": 2.0,
  "Arts & Crafts": 7.333333333333333,
  "Wellness": 1.0,
  "Medicine": 2.0,
  "Healthcare Management": 7.333333333333333,
  "Public Health": 8.0,
  "Physical Medicine and Rehabilitation": 6.142857142857143,
  "Computer Graphics": 9.0,
  "Enterprise Software": 8.0,
  "Artificial Intelligence (AI)": 7.5,
  "Nanotechnology": 8.0,
  "Time Management": 8.0,
  "Landscape Architecture": 9.0,
  "Cooking": 9.0,
  "Real Estate": 10.0,
  "Property Law": 7.0,
  "Customer Service Systems": 5.0
}